periodId;eventDate;Clanmate;Arena Total;Common Total;Rare Total;Epic Total;Tartaros Total;Elven Total;Cursed Total;Bank Total;Runic Total;Heroic Total;VotA Total;ROTA Total;EAs Total;Union Total;Jormungandr Total;Points
8wWTNiIJrtIc0bfLn8RZ;2025-07-17;Nightwulf;0;0;0;0;0;0;0;0;0;0;0;0;0;0;0;0
8wWTNiIJrtIc0bfLn8RZ;2025-07-17;Rainblade;0;4;0;0;0;1;0;0;0;0;0;0;0;0;0;0
8wWTNiIJrtIc0bfLn8RZ;2025-07-17;Forondod;0;8;3;0;0;0;0;0;0;0;0;0;0;0;0;0
8wWTNiIJrtIc0bfLn8RZ;2025-07-17;TrAIANO 2;0;0;0;0;0;0;0;0;0;0;0;0;0;0;0;0
8wWTNiIJrtIc0bfLn8RZ;2025-07-17;Vakums;0;3;1;0;0;0;0;3;0;0;0;0;0;0;0;0
8wWTNiIJrtIc0bfLn8RZ;2025-07-17;Fray;0;16;2;0;0;0;0;0;0;0;0;0;0;0;0;0
8wWTNiIJrtIc0bfLn8RZ;2025-07-17;Friedoline;0;0;0;0;0;0;0;0;0;0;0;0;0;0;0;0
8wWTNiIJrtIc0bfLn8RZ;2025-07-17;Mikoikt;0;0;0;0;0;0;0;0;0;0;0;0;0;0;0;0
8wWTNiIJrtIc0bfLn8RZ;2025-07-17;Nightfang;0;0;0;0;0;0;0;7;0;0;0;0;0;0;0;0
8wWTNiIJrtIc0bfLn8RZ;2025-07-17;Hulsa;0;1;0;0;0;0;0;0;0;0;0;0;0;0;0;0
8wWTNiIJrtIc0bfLn8RZ;2025-07-17;Lanmoin der Kleine;0;0;0;0;0;0;0;0;0;0;0;0;0;0;0;0
8wWTNiIJrtIc0bfLn8RZ;2025-07-17;Petrov val;0;3;0;0;0;0;0;0;0;0;0;0;0;0;0;0
8wWTNiIJrtIc0bfLn8RZ;2025-07-17;Zuzilkree;0;3;0;1;0;2;0;0;0;0;0;0;0;0;0;0
8wWTNiIJrtIc0bfLn8RZ;2025-07-17;koi;0;7;0;2;0;2;0;0;0;0;0;0;0;0;0;0
8wWTNiIJrtIc0bfLn8RZ;2025-07-17;DerVerstandnisvolle;0;0;0;0;0;0;0;0;0;0;0;0;0;0;0;0
8wWTNiIJrtIc0bfLn8RZ;2025-07-17;MIKI;0;0;0;0;0;0;0;0;0;0;0;0;0;0;0;0
8wWTNiIJrtIc0bfLn8RZ;2025-07-17;Cerberus;0;0;0;0;0;0;0;0;0;0;0;0;0;0;0;0
8wWTNiIJrtIc0bfLn8RZ;2025-07-17;Kamaw DOC;0;0;0;0;0;0;0;0;0;0;0;0;0;0;0;0
8wWTNiIJrtIc0bfLn8RZ;2025-07-17;Jannoz;0;0;0;0;0;0;0;0;0;0;0;0;0;0;0;0
8wWTNiIJrtIc0bfLn8RZ;2025-07-17;Shahanna;0;0;0;0;0;0;0;0;0;0;0;0;0;0;0;0
8wWTNiIJrtIc0bfLn8RZ;2025-07-17;Heinrich der Lowe;0;0;0;0;0;0;0;0;0;0;0;0;0;0;0;0
8wWTNiIJrtIc0bfLn8RZ;2025-07-17;Tehn;0;3;0;1;0;0;0;0;0;0;0;0;0;0;0;0
8wWTNiIJrtIc0bfLn8RZ;2025-07-17;Frostterror;0;4;0;0;0;0;0;0;0;0;0;0;0;0;0;0
8wWTNiIJrtIc0bfLn8RZ;2025-07-17;Serdriel;0;4;2;2;0;0;0;0;0;0;0;0;0;0;0;0
8wWTNiIJrtIc0bfLn8RZ;2025-07-17;Romazan;0;3;2;2;0;8;0;0;0;0;0;0;0;0;0;0
8wWTNiIJrtIc0bfLn8RZ;2025-07-17;T-34;0;1;0;1;0;0;0;0;0;0;0;0;0;0;0;0
8wWTNiIJrtIc0bfLn8RZ;2025-07-17;Elgi;0;0;0;0;0;0;0;0;0;0;0;0;0;0;0;0
8wWTNiIJrtIc0bfLn8RZ;2025-07-17;warrior of frost;0;0;0;0;0;0;0;0;0;0;0;0;0;0;0;0
8wWTNiIJrtIc0bfLn8RZ;2025-07-17;Hexe Kaukau;0;0;0;0;0;0;0;0;0;0;0;0;0;0;0;0
8wWTNiIJrtIc0bfLn8RZ;2025-07-17;LosBolLos;0;0;0;1;0;0;0;0;0;0;0;0;0;0;0;0
8wWTNiIJrtIc0bfLn8RZ;2025-07-17;Rifur;0;3;0;0;0;0;0;0;0;0;0;0;0;0;0;0
8wWTNiIJrtIc0bfLn8RZ;2025-07-17;Roland;0;0;0;0;0;0;0;0;0;0;0;0;0;0;0;0
8wWTNiIJrtIc0bfLn8RZ;2025-07-17;Lord Rahl;0;0;0;0;0;0;0;0;0;0;0;0;0;0;0;0
8wWTNiIJrtIc0bfLn8RZ;2025-07-17;Ivanhoe;0;0;0;0;0;0;0;0;0;0;0;0;0;0;0;0
8wWTNiIJrtIc0bfLn8RZ;2025-07-17;Daijind;0;0;0;0;0;0;0;0;0;0;0;0;0;0;0;0
8wWTNiIJrtIc0bfLn8RZ;2025-07-17;Eiskonigin;0;0;0;0;0;0;0;0;0;0;0;0;0;0;0;0
8wWTNiIJrtIc0bfLn8RZ;2025-07-17;Railkayilas;0;0;0;0;0;0;0;0;0;0;0;0;0;0;0;0
8wWTNiIJrtIc0bfLn8RZ;2025-07-17;Mary Pili;0;0;0;0;0;0;0;0;0;0;0;0;0;0;0;0
8wWTNiIJrtIc0bfLn8RZ;2025-07-17;Alexkidbro;0;0;0;0;0;0;0;0;0;0;0;0;0;0;0;0
8wWTNiIJrtIc0bfLn8RZ;2025-07-17;Gocha;0;3;1;0;0;0;0;0;0;0;0;0;0;0;0;0
8wWTNiIJrtIc0bfLn8RZ;2025-07-17;kingdom warrior jn;0;0;0;0;0;0;0;0;0;0;0;0;0;0;0;0
8wWTNiIJrtIc0bfLn8RZ;2025-07-17;rami;0;0;0;0;0;0;0;0;0;0;0;0;0;0;0;0
8wWTNiIJrtIc0bfLn8RZ;2025-07-17;Lindis;0;7;2;1;0;0;0;0;0;0;0;0;0;0;0;0
8wWTNiIJrtIc0bfLn8RZ;2025-07-17;Bluebird;0;0;0;0;0;0;0;0;0;0;0;0;0;0;0;0
8wWTNiIJrtIc0bfLn8RZ;2025-07-17;Traiano;0;0;0;0;0;0;0;0;0;0;0;0;0;0;0;0
8wWTNiIJrtIc0bfLn8RZ;2025-07-17;Tigra;0;0;0;0;0;0;0;0;0;0;0;0;0;0;0;0
8wWTNiIJrtIc0bfLn8RZ;2025-07-17;WildMG;0;0;0;0;0;0;0;0;0;0;0;0;0;0;0;0
8wWTNiIJrtIc0bfLn8RZ;2025-07-17;Krys;0;0;0;0;0;0;0;0;0;0;0;0;0;0;0;0
8wWTNiIJrtIc0bfLn8RZ;2025-07-17;Donald Duck;0;0;0;0;0;0;0;0;0;0;0;0;0;0;0;0
8wWTNiIJrtIc0bfLn8RZ;2025-07-17;El Mosca;0;0;0;0;0;0;0;0;0;0;0;0;0;0;0;0
8wWTNiIJrtIc0bfLn8RZ;2025-07-17;Rover;0;1;1;0;0;7;0;0;0;0;0;0;0;0;0;0
8wWTNiIJrtIc0bfLn8RZ;2025-07-17;Danara;0;9;1;0;0;0;0;0;0;0;0;0;0;0;0;0
8wWTNiIJrtIc0bfLn8RZ;2025-07-17;NikolajDNK;0;1;0;0;0;0;0;0;0;0;0;0;0;0;0;0
8wWTNiIJrtIc0bfLn8RZ;2025-07-17;Barsian;0;0;0;0;0;0;0;0;0;0;0;0;0;0;0;0
8wWTNiIJrtIc0bfLn8RZ;2025-07-17;YurasiK;0;3;0;0;0;0;0;0;0;0;0;0;0;0;0;0
8wWTNiIJrtIc0bfLn8RZ;2025-07-17;Kantrius;0;3;0;0;0;0;0;0;0;0;0;0;0;0;0;0
8wWTNiIJrtIc0bfLn8RZ;2025-07-17;Dalinad;0;0;0;0;0;0;0;0;0;0;0;0;0;0;0;0
8wWTNiIJrtIc0bfLn8RZ;2025-07-17;MELISA;0;0;0;0;0;0;0;3;0;0;0;0;0;0;0;0
8wWTNiIJrtIc0bfLn8RZ;2025-07-17;Upasara Wulung;0;0;0;0;0;0;0;0;0;0;0;0;0;0;0;0
8wWTNiIJrtIc0bfLn8RZ;2025-07-17;Lassus;0;0;0;0;0;0;0;0;0;0;0;0;0;0;0;0
8wWTNiIJrtIc0bfLn8RZ;2025-07-17;BlueBird;0;0;0;0;0;0;0;0;0;0;0;0;0;0;0;0
8wWTNiIJrtIc0bfLn8RZ;2025-07-17;Ya kut;0;0;0;0;0;0;0;0;0;0;0;0;0;0;0;0
8wWTNiIJrtIc0bfLn8RZ;2025-07-17;kingdom warrior 2;0;0;0;0;0;0;0;0;0;0;0;0;0;0;0;0
8wWTNiIJrtIc0bfLn8RZ;2025-07-17;Angelina 2;0;0;0;0;0;0;0;0;0;0;0;0;0;0;0;0
8wWTNiIJrtIc0bfLn8RZ;2025-07-17;Eragon;0;5;0;2;0;0;0;0;0;0;0;0;0;0;0;0
8wWTNiIJrtIc0bfLn8RZ;2025-07-17;SBzBy li;0;0;0;0;0;0;0;9;0;0;0;0;0;0;0;0
8wWTNiIJrtIc0bfLn8RZ;2025-07-17;Elsa;0;0;0;1;0;0;0;0;0;0;0;0;0;0;0;0
8wWTNiIJrtIc0bfLn8RZ;2025-07-17;kingchris;1;9;0;2;0;1;0;0;0;0;0;0;0;0;0;0
8wWTNiIJrtIc0bfLn8RZ;2025-07-17;Gardashura;0;5;0;0;0;0;0;0;0;0;0;0;0;0;0;0
8wWTNiIJrtIc0bfLn8RZ;2025-07-17;Fendis;0;7;0;0;0;0;0;0;0;0;0;0;0;0;0;0
8wWTNiIJrtIc0bfLn8RZ;2025-07-17;Serdriilas;0;1;1;2;0;0;0;3;0;0;0;0;0;0;0;0
8wWTNiIJrtIc0bfLn8RZ;2025-07-17;Miaso;0;0;0;0;0;0;0;0;0;0;0;0;0;0;0;0
8wWTNiIJrtIc0bfLn8RZ;2025-07-17;White Los;0;0;0;0;0;0;0;0;0;0;0;0;0;0;0;0
8wWTNiIJrtIc0bfLn8RZ;2025-07-17;Buck Man;0;1;0;1;0;1;0;0;0;0;0;0;0;0;0;0
8wWTNiIJrtIc0bfLn8RZ;2025-07-17;Lanmoin der 3te;0;0;0;0;0;0;0;0;0;0;0;0;0;0;0;0
8wWTNiIJrtIc0bfLn8RZ;2025-07-17;Adoran;0;7;0;0;0;0;0;0;0;0;0;0;0;0;0;0
8wWTNiIJrtIc0bfLn8RZ;2025-07-17;Kupriyanych;0;2;0;0;0;0;0;0;0;0;0;0;0;0;0;0
8wWTNiIJrtIc0bfLn8RZ;2025-07-17;Kelerosir;0;6;0;0;0;0;0;0;0;0;0;0;0;0;0;0
8wWTNiIJrtIc0bfLn8RZ;2025-07-17;Jackal;0;0;0;0;0;0;0;0;0;0;0;0;0;0;0;0
8wWTNiIJrtIc0bfLn8RZ;2025-07-17;Germanoi;0;0;0;0;0;0;0;0;0;0;0;0;0;0;0;0
8wWTNiIJrtIc0bfLn8RZ;2025-07-17;Moginn;0;6;0;5;0;0;0;0;0;0;0;0;0;0;0;0
8wWTNiIJrtIc0bfLn8RZ;2025-07-17;Miss Pelace;0;0;0;0;0;0;0;6;0;0;0;0;0;0;0;0
8wWTNiIJrtIc0bfLn8RZ;2025-07-17;Perros;0;0;0;0;0;0;0;0;0;0;0;0;0;0;0;0
8wWTNiIJrtIc0bfLn8RZ;2025-07-17;Rein;0;0;0;0;0;0;0;0;0;0;0;0;0;0;0;0
8wWTNiIJrtIc0bfLn8RZ;2025-07-17;Brodyaga;0;0;0;0;0;0;0;0;0;0;0;0;0;0;0;0
8wWTNiIJrtIc0bfLn8RZ;2025-07-17;Monkey De Luffy;0;0;0;0;0;0;0;0;0;0;0;0;0;0;0;0
8wWTNiIJrtIc0bfLn8RZ;2025-07-17;KlaxxoN;0;0;0;0;0;0;0;0;0;0;0;0;0;0;0;0
8wWTNiIJrtIc0bfLn8RZ;2025-07-17;Alpha Logburg;0;0;0;0;0;0;0;0;0;0;0;0;0;0;0;0
8wWTNiIJrtIc0bfLn8RZ;2025-07-14;Tigra;0;2;0;0;0;0;0;1;0;0;0;0;0;0;5;0
8wWTNiIJrtIc0bfLn8RZ;2025-07-14;LosBolLos;0;0;0;0;0;0;0;0;0;0;0;0;0;0;0;0
8wWTNiIJrtIc0bfLn8RZ;2025-07-14;Zuzilkree;0;3;2;0;0;0;0;0;0;0;0;0;0;0;5;0
8wWTNiIJrtIc0bfLn8RZ;2025-07-14;Serdriilas;0;13;2;0;0;0;0;1;0;0;0;0;0;0;0;0
8wWTNiIJrtIc0bfLn8RZ;2025-07-14;Rover;0;12;2;1;0;15;0;0;0;0;0;0;0;0;0;0
8wWTNiIJrtIc0bfLn8RZ;2025-07-14;Mikoikt;0;1;2;0;0;0;0;0;0;0;0;0;0;0;0;0
8wWTNiIJrtIc0bfLn8RZ;2025-07-14;Jackal;0;3;0;0;0;8;0;0;0;0;0;0;0;0;0;0
8wWTNiIJrtIc0bfLn8RZ;2025-07-14;Moginn;0;1;0;0;0;0;0;0;0;0;0;0;0;0;0;0
8wWTNiIJrtIc0bfLn8RZ;2025-07-14;Alpha Logburg;0;0;0;0;0;0;0;0;0;0;0;0;0;0;0;0
8wWTNiIJrtIc0bfLn8RZ;2025-07-14;Adoran;0;3;0;0;0;0;0;1;0;0;0;0;0;0;0;0
8wWTNiIJrtIc0bfLn8RZ;2025-07-14;Lindis;0;11;1;1;0;0;0;0;0;0;0;0;0;0;0;0
8wWTNiIJrtIc0bfLn8RZ;2025-07-14;Lord Rahl;0;0;0;0;0;0;0;0;0;0;0;0;0;0;0;0
8wWTNiIJrtIc0bfLn8RZ;2025-07-14;Miaso;0;0;0;0;0;0;0;0;0;0;0;0;0;0;0;0
8wWTNiIJrtIc0bfLn8RZ;2025-07-14;Miss Pelace;0;10;8;11;0;0;0;0;0;0;0;0;0;0;0;0
8wWTNiIJrtIc0bfLn8RZ;2025-07-14;Hulsa;0;4;0;0;0;0;0;0;0;0;0;0;0;0;0;0
8wWTNiIJrtIc0bfLn8RZ;2025-07-14;Elsa;0;2;0;1;0;0;0;0;0;0;0;0;0;0;2;0
8wWTNiIJrtIc0bfLn8RZ;2025-07-14;Tehn;0;0;0;0;0;0;0;0;0;0;0;0;0;0;0;0
8wWTNiIJrtIc0bfLn8RZ;2025-07-14;koi;0;3;0;2;0;9;0;0;0;0;0;0;0;0;0;0
8wWTNiIJrtIc0bfLn8RZ;2025-07-14;Brodyaga;0;0;0;0;0;0;0;0;0;0;0;0;0;0;0;0
8wWTNiIJrtIc0bfLn8RZ;2025-07-14;Angelina 2;0;0;0;1;0;0;0;0;0;0;0;0;0;0;0;0
8wWTNiIJrtIc0bfLn8RZ;2025-07-14;Buck Man;0;12;2;3;0;3;0;0;0;0;0;0;0;0;0;0
8wWTNiIJrtIc0bfLn8RZ;2025-07-14;Hexe Kaukau;0;1;0;0;0;0;0;0;0;0;0;0;0;0;0;0
8wWTNiIJrtIc0bfLn8RZ;2025-07-14;YurasiK;0;29;4;0;0;0;0;0;0;0;0;0;0;0;0;0
8wWTNiIJrtIc0bfLn8RZ;2025-07-14;WildMG;0;0;0;0;0;0;0;0;0;0;0;0;0;0;0;0
8wWTNiIJrtIc0bfLn8RZ;2025-07-14;Danara;0;14;4;9;0;11;0;0;0;0;0;0;0;0;0;0
8wWTNiIJrtIc0bfLn8RZ;2025-07-14;Rainblade;0;4;0;0;0;0;0;0;0;0;0;0;0;0;0;0
8wWTNiIJrtIc0bfLn8RZ;2025-07-14;Kupriyanych;0;3;0;0;0;0;0;0;0;0;0;0;0;0;0;0
8wWTNiIJrtIc0bfLn8RZ;2025-07-14;Ya kut;0;0;0;0;0;0;0;0;0;0;0;0;0;0;2;0
8wWTNiIJrtIc0bfLn8RZ;2025-07-14;Lassus;0;0;0;0;0;0;0;0;0;0;0;0;0;0;0;0
8wWTNiIJrtIc0bfLn8RZ;2025-07-14;DerVerstandnisvolle;0;4;0;0;0;0;0;0;0;0;0;0;0;0;5;0
8wWTNiIJrtIc0bfLn8RZ;2025-07-14;kingdom warrior 2;0;0;0;0;0;0;0;0;0;0;0;0;0;0;0;0
8wWTNiIJrtIc0bfLn8RZ;2025-07-14;NikolajDNK;0;0;0;0;0;0;0;0;0;0;0;0;0;0;0;0
8wWTNiIJrtIc0bfLn8RZ;2025-07-14;Heinrich der Lowe;0;0;0;0;0;0;0;0;0;0;0;0;0;0;0;0
8wWTNiIJrtIc0bfLn8RZ;2025-07-14;Elgi;0;0;0;0;0;0;0;0;0;0;0;0;0;0;5;0
8wWTNiIJrtIc0bfLn8RZ;2025-07-14;Mary Pili;0;0;0;0;0;0;0;1;0;0;0;0;0;0;2;0
8wWTNiIJrtIc0bfLn8RZ;2025-07-14;KlaxxoN;0;0;0;0;0;0;0;0;0;0;0;0;0;0;0;0
8wWTNiIJrtIc0bfLn8RZ;2025-07-14;Daijind;0;7;0;0;0;1;0;1;0;0;0;0;0;0;5;0
8wWTNiIJrtIc0bfLn8RZ;2025-07-14;Railkayilas;0;0;0;0;0;0;0;0;0;0;0;0;0;0;0;0
8wWTNiIJrtIc0bfLn8RZ;2025-07-14;Kelerosir;0;16;1;0;0;0;0;0;0;0;0;0;0;0;0;0
8wWTNiIJrtIc0bfLn8RZ;2025-07-14;Forondod;0;3;0;0;0;0;0;1;0;0;0;0;0;0;0;0
8wWTNiIJrtIc0bfLn8RZ;2025-07-14;Ivanhoe;0;0;0;0;0;0;0;1;0;0;0;0;0;0;5;0
8wWTNiIJrtIc0bfLn8RZ;2025-07-14;Fendis;0;4;0;0;0;0;0;0;0;0;0;0;0;0;0;0
8wWTNiIJrtIc0bfLn8RZ;2025-07-14;MELISA;0;0;0;0;0;0;0;1;0;0;0;0;0;0;5;0
8wWTNiIJrtIc0bfLn8RZ;2025-07-14;Nightfang;0;3;2;0;0;0;0;0;0;0;0;0;0;0;0;0
8wWTNiIJrtIc0bfLn8RZ;2025-07-14;Romazan;0;15;3;2;0;23;0;0;0;0;0;0;0;0;0;0
8wWTNiIJrtIc0bfLn8RZ;2025-07-14;Lanmoin der Kleine;0;0;0;0;0;0;0;0;0;0;0;0;0;0;0;0
8wWTNiIJrtIc0bfLn8RZ;2025-07-14;White Los;0;1;0;0;0;0;0;0;0;0;0;0;0;0;0;0
8wWTNiIJrtIc0bfLn8RZ;2025-07-14;Vakums;0;6;0;0;0;0;0;0;0;0;0;0;0;0;0;0
8wWTNiIJrtIc0bfLn8RZ;2025-07-14;Kantrius;0;10;0;2;0;0;0;0;0;0;0;0;0;0;5;0
8wWTNiIJrtIc0bfLn8RZ;2025-07-14;Gocha;0;3;0;2;0;0;0;0;0;0;0;0;0;0;2;0
8wWTNiIJrtIc0bfLn8RZ;2025-07-14;Bluebird;0;0;0;0;0;0;0;0;0;0;0;0;0;0;0;0
8wWTNiIJrtIc0bfLn8RZ;2025-07-14;Donald Duck;0;0;0;0;0;0;0;1;0;0;0;0;0;0;0;0
8wWTNiIJrtIc0bfLn8RZ;2025-07-14;Cerberus;0;0;0;0;0;0;0;1;0;0;0;0;0;0;0;0
8wWTNiIJrtIc0bfLn8RZ;2025-07-14;Roland;0;1;0;0;0;0;0;0;0;0;0;0;0;0;0;0
8wWTNiIJrtIc0bfLn8RZ;2025-07-14;T-34;1;0;0;1;0;0;0;0;0;0;0;0;0;0;0;0
8wWTNiIJrtIc0bfLn8RZ;2025-07-14;kingdom warrior jn;0;0;0;0;0;0;0;0;0;0;0;0;0;0;0;0
8wWTNiIJrtIc0bfLn8RZ;2025-07-14;Traiano;0;0;0;0;0;0;0;0;0;0;0;0;0;0;0;0
8wWTNiIJrtIc0bfLn8RZ;2025-07-14;Dalinad;0;0;0;0;0;0;0;0;0;0;0;0;0;0;0;0
8wWTNiIJrtIc0bfLn8RZ;2025-07-14;Fray;0;4;0;2;0;0;0;0;0;0;0;0;0;0;0;0
8wWTNiIJrtIc0bfLn8RZ;2025-07-14;Gardashura;0;1;0;0;0;0;0;0;0;0;0;0;0;0;0;0
8wWTNiIJrtIc0bfLn8RZ;2025-07-14;Petrov val;0;9;0;0;0;0;0;1;0;0;0;0;0;0;0;0
8wWTNiIJrtIc0bfLn8RZ;2025-07-14;TrAIANO 2;0;0;0;0;0;0;0;0;0;0;0;0;0;0;0;0
8wWTNiIJrtIc0bfLn8RZ;2025-07-14;MIKI;0;0;0;0;0;0;0;0;0;0;0;0;0;0;0;0
8wWTNiIJrtIc0bfLn8RZ;2025-07-14;Kamaw DOC;0;8;0;7;0;0;0;1;0;0;0;0;0;0;0;0
8wWTNiIJrtIc0bfLn8RZ;2025-07-14;Eragon;0;3;0;0;0;0;0;1;0;0;0;0;0;0;0;0
8wWTNiIJrtIc0bfLn8RZ;2025-07-14;Friedoline;0;0;0;0;0;0;0;0;0;0;0;0;0;0;0;0
8wWTNiIJrtIc0bfLn8RZ;2025-07-14;Shahanna;0;0;0;0;0;0;0;0;0;0;0;0;0;0;0;0
8wWTNiIJrtIc0bfLn8RZ;2025-07-14;Upasara Wulung;0;0;0;0;0;0;0;0;0;0;0;0;0;0;5;0
8wWTNiIJrtIc0bfLn8RZ;2025-07-14;Barsian;0;0;0;0;0;0;0;0;0;0;0;0;0;0;1;0
8wWTNiIJrtIc0bfLn8RZ;2025-07-14;SBzBy li;0;10;1;0;0;4;0;0;0;0;0;0;0;0;4;0
8wWTNiIJrtIc0bfLn8RZ;2025-07-14;Rifur;0;3;0;0;0;0;0;0;0;0;0;0;0;0;5;0
8wWTNiIJrtIc0bfLn8RZ;2025-07-14;Alexkidbro;0;0;0;0;0;0;0;2;0;0;0;0;0;0;10;0
8wWTNiIJrtIc0bfLn8RZ;2025-07-14;Serdriel;0;3;2;0;0;0;0;1;0;0;0;0;0;0;5;0
8wWTNiIJrtIc0bfLn8RZ;2025-07-14;Frostterror;0;3;0;0;0;3;0;0;0;0;0;0;0;0;0;0
8wWTNiIJrtIc0bfLn8RZ;2025-07-14;BlueBird;0;0;0;0;0;0;0;0;0;0;0;0;0;0;0;0
8wWTNiIJrtIc0bfLn8RZ;2025-07-14;El Mosca;0;0;0;0;0;0;0;0;0;0;0;0;0;0;0;0
8wWTNiIJrtIc0bfLn8RZ;2025-07-14;Lanmoin der 3te;0;0;0;0;0;0;0;0;0;0;0;0;0;0;0;0
8wWTNiIJrtIc0bfLn8RZ;2025-07-14;Rein;0;0;0;0;0;0;0;0;0;0;0;0;0;0;0;0
8wWTNiIJrtIc0bfLn8RZ;2025-07-14;Nightwulf;0;0;0;0;0;0;0;0;0;0;0;0;0;0;0;0
8wWTNiIJrtIc0bfLn8RZ;2025-07-14;Eiskonigin;0;0;0;0;0;0;0;0;0;0;0;0;0;0;0;0
8wWTNiIJrtIc0bfLn8RZ;2025-07-14;rami;0;3;0;0;0;0;0;0;0;0;0;0;0;0;1;0
8wWTNiIJrtIc0bfLn8RZ;2025-07-14;Monkey De Luffy;0;0;0;0;0;0;0;0;0;0;0;0;0;0;0;0
8wWTNiIJrtIc0bfLn8RZ;2025-07-14;Germanoi;0;3;0;1;0;0;0;0;0;0;0;0;0;0;0;0
8wWTNiIJrtIc0bfLn8RZ;2025-07-14;kingchris;2;9;0;0;0;0;0;0;0;0;0;0;0;0;5;0
8wWTNiIJrtIc0bfLn8RZ;2025-07-14;Jannoz;0;3;0;1;0;0;0;0;0;0;0;0;0;0;0;0
8wWTNiIJrtIc0bfLn8RZ;2025-07-14;Perros;0;0;0;0;0;0;0;0;0;0;0;0;0;0;0;0
8wWTNiIJrtIc0bfLn8RZ;2025-07-15;Adoran;0;11;0;0;0;0;0;0;2;0;0;0;0;0;5;0
8wWTNiIJrtIc0bfLn8RZ;2025-07-15;Hexe Kaukau;0;10;0;4;0;0;0;0;0;0;0;0;0;0;0;0
8wWTNiIJrtIc0bfLn8RZ;2025-07-15;Kamaw DOC;0;3;0;0;0;0;0;0;0;0;0;0;0;0;0;0
8wWTNiIJrtIc0bfLn8RZ;2025-07-15;Rover;0;0;0;1;0;5;0;0;0;0;0;0;0;0;0;0
8wWTNiIJrtIc0bfLn8RZ;2025-07-15;Lord Rahl;0;0;0;0;0;0;0;0;0;0;0;0;0;0;0;0
8wWTNiIJrtIc0bfLn8RZ;2025-07-15;Lanmoin der Kleine;0;0;0;0;0;0;0;1;0;0;0;0;0;0;0;0
8wWTNiIJrtIc0bfLn8RZ;2025-07-15;Mary Pili;0;0;0;0;0;0;0;0;0;0;0;0;0;0;0;0
8wWTNiIJrtIc0bfLn8RZ;2025-07-15;Serdriel;0;0;0;0;0;0;0;0;0;0;0;0;0;2;0;0
8wWTNiIJrtIc0bfLn8RZ;2025-07-15;Nightwulf;0;0;0;0;0;0;0;1;0;0;0;0;0;0;0;0
8wWTNiIJrtIc0bfLn8RZ;2025-07-15;Zuzilkree;0;0;0;0;0;0;0;0;0;0;0;0;0;0;0;0
8wWTNiIJrtIc0bfLn8RZ;2025-07-15;kingchris;0;3;0;0;0;0;0;1;0;0;0;0;0;0;0;0
8wWTNiIJrtIc0bfLn8RZ;2025-07-15;SBzBy li;0;4;0;2;0;0;0;0;0;0;0;0;0;0;0;0
8wWTNiIJrtIc0bfLn8RZ;2025-07-15;Kelerosir;0;36;1;0;0;0;0;0;0;0;0;0;0;0;0;0
8wWTNiIJrtIc0bfLn8RZ;2025-07-15;YurasiK;0;15;1;0;0;0;0;0;0;0;0;0;0;0;1;0
8wWTNiIJrtIc0bfLn8RZ;2025-07-15;Shahanna;0;0;0;0;0;0;0;0;0;0;0;0;0;0;0;0
8wWTNiIJrtIc0bfLn8RZ;2025-07-15;Barsian;0;0;0;0;0;0;0;0;0;0;0;0;0;0;1;0
8wWTNiIJrtIc0bfLn8RZ;2025-07-15;Ya kut;0;4;0;0;0;0;0;0;0;0;0;0;0;0;3;0
8wWTNiIJrtIc0bfLn8RZ;2025-07-15;Alexkidbro;0;0;0;0;0;0;0;0;0;0;0;0;0;0;0;0
8wWTNiIJrtIc0bfLn8RZ;2025-07-15;T-34;0;3;0;0;0;0;0;0;0;0;0;0;0;0;5;0
8wWTNiIJrtIc0bfLn8RZ;2025-07-15;El Mosca;0;0;0;0;0;0;0;0;0;0;0;0;0;0;0;0
8wWTNiIJrtIc0bfLn8RZ;2025-07-15;Rainblade;0;5;0;0;0;1;0;0;0;0;0;0;0;0;0;0
8wWTNiIJrtIc0bfLn8RZ;2025-07-15;Cerberus;0;4;1;1;0;0;0;0;0;0;0;0;0;0;2;0
8wWTNiIJrtIc0bfLn8RZ;2025-07-15;Brodyaga;0;0;0;0;0;0;0;0;0;0;0;0;0;0;0;0
8wWTNiIJrtIc0bfLn8RZ;2025-07-15;Donald Duck;0;0;0;0;0;0;0;0;0;0;0;0;0;0;0;0
8wWTNiIJrtIc0bfLn8RZ;2025-07-15;Fray;0;6;2;3;0;0;0;0;0;0;0;0;0;0;0;0
8wWTNiIJrtIc0bfLn8RZ;2025-07-15;rami;1;12;0;0;0;0;0;0;0;0;0;0;0;0;0;0
8wWTNiIJrtIc0bfLn8RZ;2025-07-15;MIKI;0;0;0;0;0;0;0;1;0;0;0;0;0;0;0;0
8wWTNiIJrtIc0bfLn8RZ;2025-07-15;Romazan;0;9;4;0;0;14;0;0;0;0;0;0;0;0;0;0
8wWTNiIJrtIc0bfLn8RZ;2025-07-15;Miss Pelace;0;5;0;0;0;0;0;0;4;0;0;0;0;0;0;0
8wWTNiIJrtIc0bfLn8RZ;2025-07-15;Rein;0;0;0;0;0;0;0;0;0;0;0;0;0;0;0;0
8wWTNiIJrtIc0bfLn8RZ;2025-07-15;Jannoz;0;0;0;0;0;0;0;0;0;0;0;0;0;0;0;0
8wWTNiIJrtIc0bfLn8RZ;2025-07-15;White Los;0;3;0;1;0;0;0;0;0;0;0;0;0;0;5;0
8wWTNiIJrtIc0bfLn8RZ;2025-07-15;Jackal;0;3;0;0;0;0;0;0;0;0;0;0;0;0;0;0
8wWTNiIJrtIc0bfLn8RZ;2025-07-15;Dalinad;0;0;0;0;0;0;0;0;0;0;0;0;0;0;0;0
8wWTNiIJrtIc0bfLn8RZ;2025-07-15;Mikoikt;0;1;1;0;0;0;0;0;0;0;0;0;0;0;1;0
8wWTNiIJrtIc0bfLn8RZ;2025-07-15;DerVerstandnisvolle;0;2;0;0;0;0;0;0;0;0;0;0;0;0;0;0
8wWTNiIJrtIc0bfLn8RZ;2025-07-15;Friedoline;0;9;0;0;0;0;0;0;0;0;0;0;0;0;0;0
8wWTNiIJrtIc0bfLn8RZ;2025-07-15;BlueBird;0;0;0;0;0;0;0;0;0;0;0;0;0;0;0;0
8wWTNiIJrtIc0bfLn8RZ;2025-07-15;Eragon;0;5;1;1;0;0;0;0;0;0;0;0;0;0;0;0
8wWTNiIJrtIc0bfLn8RZ;2025-07-15;Germanoi;0;5;0;0;0;5;0;0;0;0;0;0;0;0;5;0
8wWTNiIJrtIc0bfLn8RZ;2025-07-15;warrior of frost;0;8;0;2;0;0;0;0;0;0;0;0;0;0;0;0
8wWTNiIJrtIc0bfLn8RZ;2025-07-15;kingdom warrior jn;0;0;0;0;0;0;0;0;0;0;0;0;0;0;0;0
8wWTNiIJrtIc0bfLn8RZ;2025-07-15;NikolajDNK;0;0;0;0;0;0;0;0;0;0;0;0;0;0;0;0
8wWTNiIJrtIc0bfLn8RZ;2025-07-15;Hulsa;0;9;0;0;0;0;0;0;0;0;0;0;0;0;0;0
8wWTNiIJrtIc0bfLn8RZ;2025-07-15;LosBolLos;0;4;3;2;0;0;0;0;0;0;0;0;0;0;0;0
8wWTNiIJrtIc0bfLn8RZ;2025-07-15;Perros;0;0;0;0;0;0;0;0;0;0;0;0;0;0;0;0
8wWTNiIJrtIc0bfLn8RZ;2025-07-15;Elgi;0;0;0;0;0;0;0;0;0;0;0;0;0;0;0;0
8wWTNiIJrtIc0bfLn8RZ;2025-07-15;Lanmoin der 3te;0;0;0;0;0;0;0;0;0;0;0;0;0;0;0;0
8wWTNiIJrtIc0bfLn8RZ;2025-07-15;Monkey De Luffy;0;0;0;0;0;0;0;0;0;0;0;0;0;0;0;0
8wWTNiIJrtIc0bfLn8RZ;2025-07-15;WildMG;0;4;1;1;0;0;0;0;0;0;0;0;0;0;0;0
8wWTNiIJrtIc0bfLn8RZ;2025-07-15;Ivanhoe;0;0;0;0;0;0;0;0;1;0;0;0;0;0;0;0
8wWTNiIJrtIc0bfLn8RZ;2025-07-15;Bluebird;0;0;0;0;0;0;0;0;0;0;0;0;0;0;0;0
8wWTNiIJrtIc0bfLn8RZ;2025-07-15;Nightfang;0;3;3;3;0;0;0;0;0;0;0;0;0;0;0;0
8wWTNiIJrtIc0bfLn8RZ;2025-07-15;Elsa;0;0;0;0;0;0;0;0;0;0;0;0;0;0;0;0
8wWTNiIJrtIc0bfLn8RZ;2025-07-15;MELISA;0;0;0;0;0;0;0;0;4;0;0;0;0;0;0;0
8wWTNiIJrtIc0bfLn8RZ;2025-07-15;kingdom warrior 2;0;0;0;0;0;0;0;0;0;0;0;0;0;0;0;0
8wWTNiIJrtIc0bfLn8RZ;2025-07-15;Buck Man;0;0;0;0;0;0;0;0;0;0;0;0;0;0;0;0
8wWTNiIJrtIc0bfLn8RZ;2025-07-15;Upasara Wulung;0;0;0;0;0;0;0;0;0;0;0;0;0;0;0;0
8wWTNiIJrtIc0bfLn8RZ;2025-07-15;Lassus;0;0;0;0;0;0;0;0;0;0;0;0;0;0;0;0
8wWTNiIJrtIc0bfLn8RZ;2025-07-15;Lindis;0;0;0;0;0;0;0;0;0;0;0;0;0;0;0;0
8wWTNiIJrtIc0bfLn8RZ;2025-07-15;Angelina 2;0;0;0;1;0;0;0;0;1;0;0;0;0;0;0;0
8wWTNiIJrtIc0bfLn8RZ;2025-07-15;Daijind;0;0;1;0;0;1;0;0;0;0;0;0;0;0;0;0
8wWTNiIJrtIc0bfLn8RZ;2025-07-15;Traiano;0;0;0;0;0;0;0;0;0;0;0;0;0;0;0;0
8wWTNiIJrtIc0bfLn8RZ;2025-07-15;Vakums;0;4;0;2;0;0;0;0;0;0;0;0;0;0;0;0
8wWTNiIJrtIc0bfLn8RZ;2025-07-15;Tigra;0;5;0;2;0;5;0;0;0;0;0;0;0;0;0;0
8wWTNiIJrtIc0bfLn8RZ;2025-07-15;Eiskonigin;0;0;0;0;0;0;0;0;0;0;0;0;0;0;5;0
8wWTNiIJrtIc0bfLn8RZ;2025-07-15;Gocha;0;2;1;0;0;0;0;0;0;0;0;0;0;0;3;0
8wWTNiIJrtIc0bfLn8RZ;2025-07-15;Kantrius;0;19;2;0;0;8;0;0;0;0;0;0;0;1;0;0
8wWTNiIJrtIc0bfLn8RZ;2025-07-15;Petrov val;0;6;0;1;0;0;0;0;0;0;0;0;0;0;5;0
8wWTNiIJrtIc0bfLn8RZ;2025-07-15;Danara;0;9;14;16;0;0;0;0;6;0;0;0;0;1;0;0
8wWTNiIJrtIc0bfLn8RZ;2025-07-15;Serdriilas;1;9;4;1;0;0;0;0;1;0;0;0;0;0;0;0
8wWTNiIJrtIc0bfLn8RZ;2025-07-15;Forondod;0;6;4;0;0;0;0;0;0;0;0;0;0;1;0;0
8wWTNiIJrtIc0bfLn8RZ;2025-07-15;Moginn;0;4;0;0;0;0;0;0;0;0;0;0;0;0;5;0
8wWTNiIJrtIc0bfLn8RZ;2025-07-15;Heinrich der Lowe;0;0;0;0;0;0;0;0;0;0;0;0;0;0;0;0
8wWTNiIJrtIc0bfLn8RZ;2025-07-15;TrAIANO 2;0;0;0;0;0;0;0;0;0;0;0;0;0;0;0;0
8wWTNiIJrtIc0bfLn8RZ;2025-07-15;Miaso;0;0;0;0;0;0;0;0;0;0;0;0;0;0;0;0
8wWTNiIJrtIc0bfLn8RZ;2025-07-15;Alpha Logburg;0;0;0;0;0;0;0;0;0;0;0;0;0;0;0;0
8wWTNiIJrtIc0bfLn8RZ;2025-07-15;Kupriyanych;0;0;0;0;0;0;0;0;0;0;0;0;0;0;0;0
8wWTNiIJrtIc0bfLn8RZ;2025-07-15;Gardashura;0;3;0;0;0;0;0;1;0;0;0;0;0;0;0;0
8wWTNiIJrtIc0bfLn8RZ;2025-07-15;Frostterror;0;12;0;0;0;0;0;0;0;0;0;0;0;0;1;0
8wWTNiIJrtIc0bfLn8RZ;2025-07-15;Fendis;0;18;0;0;0;0;0;0;0;0;0;0;0;0;0;0
8wWTNiIJrtIc0bfLn8RZ;2025-07-15;Tehn;0;5;0;0;0;0;0;0;0;0;0;0;0;0;0;0
8wWTNiIJrtIc0bfLn8RZ;2025-07-15;Rifur;0;3;0;0;0;0;0;0;0;0;0;0;0;0;0;0
8wWTNiIJrtIc0bfLn8RZ;2025-07-15;KlaxxoN;0;0;0;0;0;0;0;0;0;0;0;0;0;0;0;0
8wWTNiIJrtIc0bfLn8RZ;2025-07-15;Roland;0;3;1;2;0;3;0;0;0;1;0;0;0;0;0;0
8wWTNiIJrtIc0bfLn8RZ;2025-07-15;Railkayilas;0;3;0;1;0;0;0;0;0;0;0;0;0;1;0;0
8wWTNiIJrtIc0bfLn8RZ;2025-07-15;koi;1;11;1;1;0;9;0;0;0;0;0;0;0;0;0;0
8wWTNiIJrtIc0bfLn8RZ;2025-07-16;TrAIANO 2;0;0;0;0;0;0;0;0;0;0;0;0;0;0;0;0
8wWTNiIJrtIc0bfLn8RZ;2025-07-16;Donald Duck;0;0;0;0;0;0;0;0;0;0;0;0;0;0;0;0
8wWTNiIJrtIc0bfLn8RZ;2025-07-16;Railkayilas;0;0;0;0;0;0;0;0;0;0;0;0;0;0;0;0
8wWTNiIJrtIc0bfLn8RZ;2025-07-16;WildMG;0;0;0;2;0;0;0;0;0;0;0;0;0;0;0;0
8wWTNiIJrtIc0bfLn8RZ;2025-07-16;kingchris;1;3;0;0;0;0;0;0;0;0;0;0;0;1;0;0
8wWTNiIJrtIc0bfLn8RZ;2025-07-16;Heinrich der Lowe;0;0;0;0;0;0;0;0;0;0;0;0;0;0;0;0
8wWTNiIJrtIc0bfLn8RZ;2025-07-16;Germanoi;1;5;0;0;0;1;0;0;0;0;0;0;0;0;0;0
8wWTNiIJrtIc0bfLn8RZ;2025-07-16;Jannoz;0;3;5;3;0;0;0;0;0;0;0;0;0;0;0;0
8wWTNiIJrtIc0bfLn8RZ;2025-07-16;Kelerosir;0;19;0;0;0;0;0;0;0;0;0;0;0;0;0;0
8wWTNiIJrtIc0bfLn8RZ;2025-07-16;Mary Pili;0;0;0;0;0;0;0;0;0;0;0;0;0;0;0;0
8wWTNiIJrtIc0bfLn8RZ;2025-07-16;rami;0;7;0;0;0;0;0;0;0;0;0;0;0;0;0;0
8wWTNiIJrtIc0bfLn8RZ;2025-07-16;Danara;0;0;0;0;0;0;0;0;0;0;0;0;0;0;0;0
8wWTNiIJrtIc0bfLn8RZ;2025-07-16;Lindis;0;5;1;2;0;0;0;0;0;0;0;0;0;0;0;0
8wWTNiIJrtIc0bfLn8RZ;2025-07-16;Perros;0;0;0;0;0;0;0;0;0;0;0;0;0;0;0;0
8wWTNiIJrtIc0bfLn8RZ;2025-07-16;Zuzilkree;0;7;0;0;0;0;0;0;0;0;0;0;0;0;0;0
8wWTNiIJrtIc0bfLn8RZ;2025-07-16;Adoran;0;0;0;0;0;0;0;0;0;0;0;0;0;0;0;0
8wWTNiIJrtIc0bfLn8RZ;2025-07-16;Frostterror;0;3;0;0;0;0;0;0;0;0;0;0;0;0;0;0
8wWTNiIJrtIc0bfLn8RZ;2025-07-16;Alpha Logburg;0;0;0;0;0;0;0;0;0;0;0;0;0;0;0;0
8wWTNiIJrtIc0bfLn8RZ;2025-07-16;Hexe Kaukau;0;3;0;0;0;0;0;0;0;0;0;0;0;0;0;0
8wWTNiIJrtIc0bfLn8RZ;2025-07-16;Tigra;0;0;0;0;0;0;0;0;0;0;0;0;0;0;0;0
8wWTNiIJrtIc0bfLn8RZ;2025-07-16;Fray;0;2;1;0;0;1;0;0;0;0;0;0;0;0;0;0
8wWTNiIJrtIc0bfLn8RZ;2025-07-16;Nightfang;1;4;2;5;0;1;0;0;0;0;0;0;0;0;0;0
8wWTNiIJrtIc0bfLn8RZ;2025-07-16;Friedoline;0;6;0;0;0;0;0;0;0;0;0;0;0;0;0;0
8wWTNiIJrtIc0bfLn8RZ;2025-07-16;Dalinad;0;0;0;0;0;0;0;0;0;0;0;0;0;0;0;0
8wWTNiIJrtIc0bfLn8RZ;2025-07-16;MELISA;0;3;8;5;0;0;0;3;11;0;0;0;0;0;0;0
8wWTNiIJrtIc0bfLn8RZ;2025-07-16;Eragon;0;10;1;15;0;0;0;0;0;0;0;0;0;0;0;0
8wWTNiIJrtIc0bfLn8RZ;2025-07-16;Rifur;0;3;2;0;0;0;0;0;0;0;0;0;0;0;0;0
8wWTNiIJrtIc0bfLn8RZ;2025-07-16;Brodyaga;0;0;0;0;0;0;0;0;0;0;0;0;0;0;0;0
8wWTNiIJrtIc0bfLn8RZ;2025-07-16;El Mosca;0;0;0;0;0;0;0;0;0;0;0;0;0;0;0;0
8wWTNiIJrtIc0bfLn8RZ;2025-07-16;BlueBird;0;0;0;0;0;0;0;0;0;0;0;0;0;0;0;0
8wWTNiIJrtIc0bfLn8RZ;2025-07-16;Miaso;0;0;0;0;0;0;0;0;0;0;0;0;0;0;0;0
8wWTNiIJrtIc0bfLn8RZ;2025-07-16;Serdriilas;0;7;0;1;0;0;0;0;0;0;0;0;0;0;0;0
8wWTNiIJrtIc0bfLn8RZ;2025-07-16;Ya kut;0;1;0;0;0;0;0;0;0;0;0;0;0;0;0;0
8wWTNiIJrtIc0bfLn8RZ;2025-07-16;Rover;0;8;1;2;0;12;0;0;0;0;0;0;0;0;0;0
8wWTNiIJrtIc0bfLn8RZ;2025-07-16;Roland;0;4;0;1;0;2;0;0;0;1;0;0;0;0;0;0
8wWTNiIJrtIc0bfLn8RZ;2025-07-16;T-34;0;0;0;0;0;0;0;0;1;0;0;0;0;0;0;0
8wWTNiIJrtIc0bfLn8RZ;2025-07-16;Rein;0;0;0;0;0;0;0;0;0;0;0;0;0;0;0;0
8wWTNiIJrtIc0bfLn8RZ;2025-07-16;Shahanna;0;8;0;1;0;0;0;0;0;0;0;0;0;0;0;0
8wWTNiIJrtIc0bfLn8RZ;2025-07-16;MIKI;0;0;0;0;0;0;0;0;0;0;0;0;0;0;0;0
8wWTNiIJrtIc0bfLn8RZ;2025-07-16;Forondod;0;6;5;0;0;0;0;0;0;0;0;0;0;0;0;0
8wWTNiIJrtIc0bfLn8RZ;2025-07-16;Lanmoin der 3te;0;0;0;0;0;0;0;0;0;0;0;0;0;0;0;0
8wWTNiIJrtIc0bfLn8RZ;2025-07-16;NikolajDNK;0;0;0;0;0;0;0;0;0;0;0;0;0;0;0;0
8wWTNiIJrtIc0bfLn8RZ;2025-07-16;Vakums;0;0;0;0;0;0;0;0;0;0;0;0;0;0;0;0
8wWTNiIJrtIc0bfLn8RZ;2025-07-16;kingdom warrior 2;0;0;0;0;0;0;0;0;0;0;0;0;0;0;0;0
8wWTNiIJrtIc0bfLn8RZ;2025-07-16;Bluebird;0;0;0;0;0;0;0;0;0;0;0;0;0;0;0;0
8wWTNiIJrtIc0bfLn8RZ;2025-07-16;Gardashura;0;3;0;0;0;0;0;0;0;0;0;0;0;0;0;0
8wWTNiIJrtIc0bfLn8RZ;2025-07-16;LosBolLos;0;3;0;2;0;0;0;0;0;0;0;0;0;0;0;0
8wWTNiIJrtIc0bfLn8RZ;2025-07-16;Buck Man;0;23;1;3;0;5;0;0;0;0;0;0;0;0;0;0
8wWTNiIJrtIc0bfLn8RZ;2025-07-16;kingdom warrior jn;0;0;0;0;0;0;0;0;0;0;0;0;0;0;0;0
8wWTNiIJrtIc0bfLn8RZ;2025-07-16;Kantrius;0;48;0;0;0;9;0;0;0;0;0;0;0;0;0;0
8wWTNiIJrtIc0bfLn8RZ;2025-07-16;Elgi;0;6;3;0;0;0;0;0;0;0;0;0;0;2;0;0
8wWTNiIJrtIc0bfLn8RZ;2025-07-16;Upasara Wulung;0;0;0;0;0;0;0;0;0;0;0;0;0;0;0;0
8wWTNiIJrtIc0bfLn8RZ;2025-07-16;Hulsa;0;6;0;0;0;0;0;0;0;0;0;0;0;0;0;0
8wWTNiIJrtIc0bfLn8RZ;2025-07-16;DerVerstandnisvolle;0;0;0;0;0;0;0;0;0;0;0;0;0;0;0;0
8wWTNiIJrtIc0bfLn8RZ;2025-07-16;Mikoikt;0;2;0;0;0;1;0;0;0;0;0;0;0;0;0;0
8wWTNiIJrtIc0bfLn8RZ;2025-07-16;Rainblade;0;2;0;0;0;0;0;0;0;0;0;0;0;0;0;0
8wWTNiIJrtIc0bfLn8RZ;2025-07-16;Elsa;0;0;0;0;0;0;0;0;0;0;0;0;0;0;0;0
8wWTNiIJrtIc0bfLn8RZ;2025-07-16;Lassus;0;3;0;0;0;0;0;0;5;0;0;0;0;0;0;0
8wWTNiIJrtIc0bfLn8RZ;2025-07-16;Kamaw DOC;0;4;0;0;0;0;0;0;0;0;0;0;0;0;0;0
8wWTNiIJrtIc0bfLn8RZ;2025-07-16;Cerberus;0;0;0;0;0;0;0;0;0;0;0;0;0;0;0;0
8wWTNiIJrtIc0bfLn8RZ;2025-07-16;SBzBy li;0;5;0;2;0;2;0;0;0;0;0;0;0;1;0;0
8wWTNiIJrtIc0bfLn8RZ;2025-07-16;Petrov val;0;4;0;0;0;3;0;0;0;0;0;0;0;0;0;0
8wWTNiIJrtIc0bfLn8RZ;2025-07-16;Miss Pelace;0;3;1;0;0;0;0;0;0;0;0;0;0;0;0;0
8wWTNiIJrtIc0bfLn8RZ;2025-07-16;Fendis;0;1;0;0;0;0;0;0;0;0;0;0;0;0;0;0
8wWTNiIJrtIc0bfLn8RZ;2025-07-16;Monkey De Luffy;0;0;0;0;0;0;0;0;0;0;0;0;0;0;0;0
8wWTNiIJrtIc0bfLn8RZ;2025-07-16;warrior of frost;0;0;0;0;0;0;0;0;0;0;0;0;0;0;0;0
8wWTNiIJrtIc0bfLn8RZ;2025-07-16;Kupriyanych;0;2;0;0;0;0;0;0;0;0;0;0;0;0;0;0
8wWTNiIJrtIc0bfLn8RZ;2025-07-16;Krys;2;6;0;0;0;0;0;0;0;0;0;0;0;0;0;0
8wWTNiIJrtIc0bfLn8RZ;2025-07-16;Ivanhoe;0;3;2;0;0;0;0;0;0;0;0;0;0;0;0;0
8wWTNiIJrtIc0bfLn8RZ;2025-07-16;koi;0;16;0;0;0;10;0;0;0;0;0;0;0;0;0;0
8wWTNiIJrtIc0bfLn8RZ;2025-07-16;Serdriel;0;3;0;0;0;0;0;0;0;0;0;0;0;0;0;0
8wWTNiIJrtIc0bfLn8RZ;2025-07-16;White Los;0;0;0;0;0;0;0;0;0;0;0;0;0;0;0;0
8wWTNiIJrtIc0bfLn8RZ;2025-07-16;Barsian;0;0;0;0;0;0;0;0;0;0;0;0;0;0;0;0
8wWTNiIJrtIc0bfLn8RZ;2025-07-16;Jackal;0;18;6;18;0;0;0;0;0;0;0;0;0;0;0;0
8wWTNiIJrtIc0bfLn8RZ;2025-07-16;Angelina 2;0;0;0;0;0;0;0;0;0;0;0;0;0;0;0;0
8wWTNiIJrtIc0bfLn8RZ;2025-07-16;Lanmoin der Kleine;0;0;0;0;0;0;0;0;0;0;0;0;0;0;0;0
8wWTNiIJrtIc0bfLn8RZ;2025-07-16;Nightwulf;0;0;0;0;0;0;0;0;0;0;0;0;0;0;0;0
8wWTNiIJrtIc0bfLn8RZ;2025-07-16;Traiano;0;0;0;0;0;0;0;0;0;0;0;0;0;0;0;0
8wWTNiIJrtIc0bfLn8RZ;2025-07-16;Alexkidbro;0;0;0;0;0;0;0;0;0;0;0;0;0;0;0;0
8wWTNiIJrtIc0bfLn8RZ;2025-07-16;Tehn;0;4;0;0;0;0;0;0;0;0;0;0;0;0;0;0
8wWTNiIJrtIc0bfLn8RZ;2025-07-16;Gocha;0;5;0;0;0;0;0;0;2;0;0;0;0;0;0;0
8wWTNiIJrtIc0bfLn8RZ;2025-07-16;KlaxxoN;0;0;0;0;0;0;0;0;0;0;0;0;0;0;0;0
8wWTNiIJrtIc0bfLn8RZ;2025-07-16;Eiskonigin;0;0;0;0;0;0;0;0;0;0;0;0;0;0;0;0
8wWTNiIJrtIc0bfLn8RZ;2025-07-16;Lord Rahl;0;0;0;0;0;0;0;0;0;0;0;0;0;0;0;0
8wWTNiIJrtIc0bfLn8RZ;2025-07-16;Moginn;0;2;0;0;0;0;0;0;0;0;0;0;0;0;0;0
8wWTNiIJrtIc0bfLn8RZ;2025-07-16;YurasiK;0;13;0;0;0;0;0;0;0;0;0;0;0;0;0;0
8wWTNiIJrtIc0bfLn8RZ;2025-07-16;Romazan;0;11;3;3;0;16;0;0;0;0;0;0;0;0;0;0
8wWTNiIJrtIc0bfLn8RZ;2025-07-16;Daijind;0;11;1;2;0;0;0;0;0;0;0;0;0;0;0;0
8wWTNiIJrtIc0bfLn8RZ;2025-07-18;TrAIANO 2;0;0;0;0;0;0;0;0;0;0;0;0;0;0;0;0
8wWTNiIJrtIc0bfLn8RZ;2025-07-18;Shahanna;0;0;0;0;0;0;0;0;0;0;0;0;0;0;0;0
8wWTNiIJrtIc0bfLn8RZ;2025-07-18;Ya kut;0;0;0;0;0;0;0;0;0;0;0;0;0;0;0;0
8wWTNiIJrtIc0bfLn8RZ;2025-07-18;Railkayilas;0;0;0;0;0;0;0;0;0;0;0;0;0;0;0;0
8wWTNiIJrtIc0bfLn8RZ;2025-07-18;Krys;0;0;0;0;0;0;0;0;0;0;0;0;0;0;0;0
8wWTNiIJrtIc0bfLn8RZ;2025-07-18;Fray;0;5;2;0;0;0;0;0;0;0;0;0;0;0;0;0
8wWTNiIJrtIc0bfLn8RZ;2025-07-18;El Mosca;0;0;0;0;0;0;0;0;0;0;0;0;0;0;0;0
8wWTNiIJrtIc0bfLn8RZ;2025-07-18;MELISA;0;2;0;0;0;0;0;0;0;0;0;0;0;0;0;0
8wWTNiIJrtIc0bfLn8RZ;2025-07-18;Kantrius;0;4;0;1;0;0;0;0;0;0;0;0;0;0;0;0
8wWTNiIJrtIc0bfLn8RZ;2025-07-18;Lord Rahl;0;0;0;0;0;0;0;0;0;0;0;0;0;0;0;0
8wWTNiIJrtIc0bfLn8RZ;2025-07-18;YurasiK;0;2;1;0;0;8;0;0;0;0;0;0;0;0;0;0
8wWTNiIJrtIc0bfLn8RZ;2025-07-18;koi;0;9;0;1;0;4;0;0;0;0;0;0;0;0;0;0
8wWTNiIJrtIc0bfLn8RZ;2025-07-18;Rifur;0;3;1;0;0;0;0;0;0;0;0;0;0;0;0;0
8wWTNiIJrtIc0bfLn8RZ;2025-07-18;Perros;0;0;0;0;0;0;0;0;0;0;0;0;0;0;0;0
8wWTNiIJrtIc0bfLn8RZ;2025-07-18;Buck Man;0;2;0;1;0;1;0;0;0;0;0;0;0;0;0;0
8wWTNiIJrtIc0bfLn8RZ;2025-07-18;Adoran;0;0;0;1;0;7;0;0;0;0;0;0;0;0;0;0
8wWTNiIJrtIc0bfLn8RZ;2025-07-18;Elsa;0;3;0;0;0;0;0;0;0;0;0;0;0;0;0;0
8wWTNiIJrtIc0bfLn8RZ;2025-07-18;Nightwulf;0;0;0;0;0;0;0;0;0;0;0;0;0;0;0;0
8wWTNiIJrtIc0bfLn8RZ;2025-07-18;rami;0;1;0;0;0;0;0;0;0;0;0;0;0;0;0;0
8wWTNiIJrtIc0bfLn8RZ;2025-07-18;Heinrich der Lowe;0;0;0;0;0;0;0;0;0;0;0;0;0;0;0;0
8wWTNiIJrtIc0bfLn8RZ;2025-07-18;Tehn;0;2;0;0;0;0;0;0;0;0;0;0;0;0;0;0
8wWTNiIJrtIc0bfLn8RZ;2025-07-18;Alpha Logburg;0;0;0;0;0;0;0;0;0;0;0;0;0;0;0;0
8wWTNiIJrtIc0bfLn8RZ;2025-07-18;White Los;0;2;0;0;0;0;0;0;0;0;0;0;0;0;0;0
8wWTNiIJrtIc0bfLn8RZ;2025-07-18;Tigra;0;0;0;0;0;0;0;0;0;0;0;0;0;0;0;0
8wWTNiIJrtIc0bfLn8RZ;2025-07-18;SBzBy li;0;0;0;1;0;0;0;0;0;0;0;0;0;0;0;0
8wWTNiIJrtIc0bfLn8RZ;2025-07-18;Eragon;0;3;0;0;0;0;0;0;0;0;0;0;0;0;0;0
8wWTNiIJrtIc0bfLn8RZ;2025-07-18;WildMG;0;0;0;0;0;0;0;0;0;0;0;0;0;0;0;0
8wWTNiIJrtIc0bfLn8RZ;2025-07-18;Barsian;0;1;0;0;0;0;0;0;0;0;0;0;0;0;0;0
8wWTNiIJrtIc0bfLn8RZ;2025-07-18;MIKI;0;0;0;0;0;0;0;0;0;0;0;0;0;0;0;0
8wWTNiIJrtIc0bfLn8RZ;2025-07-18;Serdriel;0;0;0;0;0;0;0;0;0;0;0;0;0;0;0;0
8wWTNiIJrtIc0bfLn8RZ;2025-07-18;kingdom warrior 2;0;0;0;0;0;0;0;0;0;0;0;0;0;0;0;0
8wWTNiIJrtIc0bfLn8RZ;2025-07-18;Frostterror;0;0;0;0;0;0;0;0;0;0;0;0;0;0;0;0
8wWTNiIJrtIc0bfLn8RZ;2025-07-18;Jannoz;0;2;0;0;0;0;0;0;0;0;0;0;0;0;0;0
8wWTNiIJrtIc0bfLn8RZ;2025-07-18;Lassus;0;0;0;0;0;0;0;0;0;0;0;0;0;0;0;0
8wWTNiIJrtIc0bfLn8RZ;2025-07-18;Jackal;0;3;0;0;0;2;0;0;0;0;0;0;0;0;0;0
8wWTNiIJrtIc0bfLn8RZ;2025-07-18;Dalinad;0;0;0;0;0;0;0;0;0;0;0;0;0;0;0;0
8wWTNiIJrtIc0bfLn8RZ;2025-07-18;Rover;0;4;1;1;0;9;0;0;0;0;0;0;0;0;0;0
8wWTNiIJrtIc0bfLn8RZ;2025-07-18;Kelerosir;0;3;0;0;0;0;0;0;0;0;0;0;0;0;0;0
8wWTNiIJrtIc0bfLn8RZ;2025-07-18;Rein;0;0;0;0;0;0;0;0;0;0;0;0;0;0;0;0
8wWTNiIJrtIc0bfLn8RZ;2025-07-18;Forondod;0;0;0;0;0;0;0;0;0;0;0;0;0;0;0;0
8wWTNiIJrtIc0bfLn8RZ;2025-07-18;Roland;0;0;0;0;0;0;0;0;0;0;0;0;0;0;0;0
8wWTNiIJrtIc0bfLn8RZ;2025-07-18;T-34;0;0;0;0;0;0;0;0;0;0;0;0;0;0;0;0
8wWTNiIJrtIc0bfLn8RZ;2025-07-18;Fendis;0;0;0;0;0;0;0;0;0;0;0;0;0;0;0;0
8wWTNiIJrtIc0bfLn8RZ;2025-07-18;Mary Pili;0;0;0;0;0;0;0;0;0;0;0;0;0;0;0;0
8wWTNiIJrtIc0bfLn8RZ;2025-07-18;Romazan;0;4;4;4;0;9;0;0;0;0;17;0;0;0;0;0
8wWTNiIJrtIc0bfLn8RZ;2025-07-18;Vakums;0;0;0;0;0;12;0;0;0;0;0;0;0;0;0;0
8wWTNiIJrtIc0bfLn8RZ;2025-07-18;kingchris;0;42;0;3;0;0;0;0;0;0;2;0;0;0;0;0
8wWTNiIJrtIc0bfLn8RZ;2025-07-18;Brodyaga;0;0;0;0;0;0;0;0;0;0;0;0;0;0;0;0
8wWTNiIJrtIc0bfLn8RZ;2025-07-18;Eiskonigin;0;0;0;0;0;0;0;0;0;0;0;0;0;0;0;0
8wWTNiIJrtIc0bfLn8RZ;2025-07-18;Nightfang;0;0;0;0;0;0;0;0;0;0;0;0;0;0;0;0
8wWTNiIJrtIc0bfLn8RZ;2025-07-18;Elgi;0;0;0;0;0;0;0;0;0;0;0;0;0;0;0;0
8wWTNiIJrtIc0bfLn8RZ;2025-07-18;Gocha;0;2;0;0;0;0;0;0;0;0;0;0;0;0;0;0
8wWTNiIJrtIc0bfLn8RZ;2025-07-18;Hexe Kaukau;0;0;0;0;0;0;0;0;0;0;0;0;0;0;0;0
8wWTNiIJrtIc0bfLn8RZ;2025-07-18;NikolajDNK;0;0;0;0;0;0;0;0;0;0;0;0;0;0;0;0
8wWTNiIJrtIc0bfLn8RZ;2025-07-18;Traiano;0;0;0;0;0;0;0;0;0;0;0;0;0;0;0;0
8wWTNiIJrtIc0bfLn8RZ;2025-07-18;Miaso;0;0;0;0;0;0;0;0;0;0;0;0;0;0;0;0
8wWTNiIJrtIc0bfLn8RZ;2025-07-18;Lindis;0;0;0;0;0;0;0;0;0;0;0;0;0;0;0;0
8wWTNiIJrtIc0bfLn8RZ;2025-07-18;Gardashura;0;0;0;0;0;0;0;0;0;0;0;0;0;0;0;0
8wWTNiIJrtIc0bfLn8RZ;2025-07-18;Germanoi;0;0;0;0;0;0;0;0;0;0;0;0;0;0;0;0
8wWTNiIJrtIc0bfLn8RZ;2025-07-18;Kupriyanych;0;0;0;0;0;0;0;0;0;0;0;0;0;0;0;0
8wWTNiIJrtIc0bfLn8RZ;2025-07-18;Friedoline;0;2;0;0;0;0;0;0;0;0;0;0;0;0;0;0
8wWTNiIJrtIc0bfLn8RZ;2025-07-18;Moginn;0;0;0;0;0;0;0;0;0;0;0;0;0;0;0;0
8wWTNiIJrtIc0bfLn8RZ;2025-07-18;KlaxxoN;0;0;0;0;0;0;0;0;0;0;0;0;0;0;0;0
8wWTNiIJrtIc0bfLn8RZ;2025-07-18;Cerberus;0;0;0;0;0;0;0;0;0;0;0;0;0;0;0;0
8wWTNiIJrtIc0bfLn8RZ;2025-07-18;warrior of frost;0;1;0;1;0;0;0;0;0;0;0;0;0;0;0;0
8wWTNiIJrtIc0bfLn8RZ;2025-07-18;Bluebird;0;0;0;0;0;0;0;0;0;0;0;0;0;0;0;0
8wWTNiIJrtIc0bfLn8RZ;2025-07-18;kingdom warrior jn;0;0;0;0;0;0;0;0;0;0;0;0;0;0;0;0
8wWTNiIJrtIc0bfLn8RZ;2025-07-18;Mikoikt;0;0;0;0;0;0;0;0;0;0;0;0;0;0;0;0
8wWTNiIJrtIc0bfLn8RZ;2025-07-18;Angelina 2;0;1;0;0;0;0;0;0;0;0;2;0;0;0;0;0
8wWTNiIJrtIc0bfLn8RZ;2025-07-18;Rainblade;0;0;0;0;0;0;0;0;0;0;0;0;0;0;0;0
8wWTNiIJrtIc0bfLn8RZ;2025-07-18;Petrov val;0;0;0;0;0;0;0;0;0;0;0;0;0;0;0;0
8wWTNiIJrtIc0bfLn8RZ;2025-07-18;Monkey De Luffy;0;0;0;0;0;0;0;0;0;0;0;0;0;0;0;0
8wWTNiIJrtIc0bfLn8RZ;2025-07-18;Alexkidbro;0;0;0;0;0;0;0;0;0;0;0;0;0;0;0;0
8wWTNiIJrtIc0bfLn8RZ;2025-07-18;Daijind;0;2;1;1;0;0;0;0;0;0;0;0;0;0;0;0
8wWTNiIJrtIc0bfLn8RZ;2025-07-18;Zuzilkree;0;6;2;0;0;0;0;0;0;0;0;0;0;0;0;0
8wWTNiIJrtIc0bfLn8RZ;2025-07-18;Serdriilas;0;0;0;0;0;0;0;0;0;0;0;0;0;0;0;0
8wWTNiIJrtIc0bfLn8RZ;2025-07-18;Upasara Wulung;0;3;0;0;0;0;0;0;0;0;2;0;0;0;0;0
8wWTNiIJrtIc0bfLn8RZ;2025-07-18;BlueBird;0;0;0;0;0;0;0;0;0;0;0;0;0;0;0;0
8wWTNiIJrtIc0bfLn8RZ;2025-07-18;Ivanhoe;0;0;0;0;0;0;0;0;0;0;0;0;0;0;0;0
8wWTNiIJrtIc0bfLn8RZ;2025-07-18;Lanmoin der Kleine;0;0;0;0;0;0;0;0;0;0;0;0;0;0;0;0
8wWTNiIJrtIc0bfLn8RZ;2025-07-18;Lanmoin der 3te;0;0;0;0;0;0;0;0;0;0;0;0;0;0;0;0
8wWTNiIJrtIc0bfLn8RZ;2025-07-18;Danara;0;0;0;0;0;2;1;0;0;0;0;0;0;0;0;0
8wWTNiIJrtIc0bfLn8RZ;2025-07-18;Kamaw DOC;0;0;0;0;0;0;0;0;0;0;0;0;0;0;0;0
8wWTNiIJrtIc0bfLn8RZ;2025-07-18;Donald Duck;0;0;0;0;0;0;0;0;0;0;0;0;0;0;0;0
8wWTNiIJrtIc0bfLn8RZ;2025-07-18;LosBolLos;0;2;0;0;0;0;0;0;0;0;0;0;0;0;0;0
8wWTNiIJrtIc0bfLn8RZ;2025-07-18;DerVerstandnisvolle;0;0;0;0;0;0;0;0;0;0;0;0;0;0;0;0
8wWTNiIJrtIc0bfLn8RZ;2025-07-18;Miss Pelace;0;0;0;0;0;0;0;0;0;0;0;0;0;0;0;0
8wWTNiIJrtIc0bfLn8RZ;2025-07-18;Hulsa;0;1;0;0;0;0;0;0;0;0;0;0;0;0;0;0